Country,time,value
Albania,Apr 10 2018,0.658881
Armenia,Apr 10 2018,3.675094
Australia,Apr 10 2018,3.616532
Austria,Apr 10 2018,1.87415
Azerbaijan,Apr 10 2018,1.37633
Belarus,Apr 10 2018,28.637652
Belgium,Apr 10 2018,3.012302
Bulgaria,Apr 10 2018,0.0
Croatia,Apr 10 2018,1.595955
Cyprus,Apr 10 2018,4.591079
Czech Republic,Apr 10 2018,6.916324
Denmark,Apr 10 2018,2.738016
Estonia,Apr 10 2018,1.566676
F.Y.R. Macedonia,Apr 10 2018,0.981002
Finland,Apr 10 2018,9.066261
France,Apr 10 2018,8.787068
Georgia,Apr 10 2018,0.512464
Germany,Apr 10 2018,3.074772
Greece,Apr 10 2018,1.493465
Hungary,Apr 10 2018,1.642812
Iceland,Apr 10 2018,0.191012
Ireland,Apr 10 2018,2.328045
Israel,Apr 10 2018,53.061566
Italy,Apr 10 2018,27.545452
Latvia,Apr 10 2018,0.585673
Lithuania,Apr 10 2018,4.21721
Malta,Apr 10 2018,0.658883
Moldova,Apr 10 2018,0.776017
Montenegro,Apr 10 2018,0.0
Netherlands,Apr 10 2018,15.61477
Norway,Apr 10 2018,13.334798
Poland,Apr 10 2018,5.797139
Portugal,Apr 10 2018,1.295345
Romania,Apr 10 2018,0.0
Russia,Apr 10 2018,9.981373
San Marino,Apr 10 2018,0.146419
Serbia,Apr 10 2018,0.469376
Slovenia,Apr 10 2018,1.083494
Spain,Apr 10 2018,37.338995
Sweden,Apr 10 2018,5.485713
Switzerland,Apr 10 2018,0.658881
Ukraine,Apr 10 2018,8.449161
United Kingdom,Apr 10 2018,2.386616
Albania,Apr 11 2018,0.556066
Armenia,Apr 11 2018,3.195776
Australia,Apr 11 2018,5.781755
Austria,Apr 11 2018,1.290074
Azerbaijan,Apr 11 2018,1.186276
Belarus,Apr 11 2018,26.042335
Belgium,Apr 11 2018,2.842259
Bulgaria,Apr 11 2018,0.0
Croatia,Apr 11 2018,1.104718
Cyprus,Apr 11 2018,4.136285
Czech Republic,Apr 11 2018,5.82228
Denmark,Apr 11 2018,2.303264
Estonia,Apr 11 2018,1.282663
F.Y.R. Macedonia,Apr 11 2018,0.919364
Finland,Apr 11 2018,15.489138
France,Apr 11 2018,9.584428
Georgia,Apr 11 2018,0.24467
Germany,Apr 11 2018,2.978036
Greece,Apr 11 2018,1.290076
Hungary,Apr 11 2018,1.683032
Iceland,Apr 11 2018,0.171126
Ireland,Apr 11 2018,1.723149
Israel,Apr 11 2018,39.69749
Italy,Apr 11 2018,23.893484
Latvia,Apr 11 2018,0.504168
Lithuania,Apr 11 2018,2.807638
Malta,Apr 11 2018,0.837809
Moldova,Apr 11 2018,0.652453
Montenegro,Apr 11 2018,0.0
Netherlands,Apr 11 2018,7.857982
Norway,Apr 11 2018,11.860548
Poland,Apr 11 2018,5.189707
Portugal,Apr 11 2018,1.095699
Romania,Apr 11 2018,0.0
Russia,Apr 11 2018,12.778663
San Marino,Apr 11 2018,0.111214
Serbia,Apr 11 2018,0.438222
Slovenia,Apr 11 2018,0.785908
Spain,Apr 11 2018,28.381537
Sweden,Apr 11 2018,5.288679
Switzerland,Apr 11 2018,0.689523
Ukraine,Apr 11 2018,9.841569
United Kingdom,Apr 11 2018,2.169012
Albania,Apr 12 2018,0.520643
Armenia,Apr 12 2018,3.506179
Australia,Apr 12 2018,5.543148
Austria,Apr 12 2018,1.377876
Azerbaijan,Apr 12 2018,1.072371
Belarus,Apr 12 2018,27.585634
Belgium,Apr 12 2018,2.35155
Bulgaria,Apr 12 2018,0.0
Croatia,Apr 12 2018,1.157848
Cyprus,Apr 12 2018,4.11437
Czech Republic,Apr 12 2018,5.21323
Denmark,Apr 12 2018,2.347303
Estonia,Apr 12 2018,1.437601
F.Y.R. Macedonia,Apr 12 2018,1.033517
Finland,Apr 12 2018,16.817414
France,Apr 12 2018,9.871149
Georgia,Apr 12 2018,0.271978
Germany,Apr 12 2018,3.27928
Greece,Apr 12 2018,1.134538
Hungary,Apr 12 2018,1.61633
Iceland,Apr 12 2018,0.179356
Ireland,Apr 12 2018,1.647408
Israel,Apr 12 2018,27.971664
Italy,Apr 12 2018,29.719409
Latvia,Apr 12 2018,0.435166
Lithuania,Apr 12 2018,2.261539
Malta,Apr 12 2018,0.878102
Moldova,Apr 12 2018,0.691602
Montenegro,Apr 12 2018,0.0
Netherlands,Apr 12 2018,7.68382
Norway,Apr 12 2018,13.607301
Poland,Apr 12 2018,13.560036
Portugal,Apr 12 2018,1.195268
Romania,Apr 12 2018,0.0
Russia,Apr 12 2018,8.167726
San Marino,Apr 12 2018,0.116562
Serbia,Apr 12 2018,0.39702
Slovenia,Apr 12 2018,0.77708
Spain,Apr 12 2018,26.349275
Sweden,Apr 12 2018,5.555115
Switzerland,Apr 12 2018,0.738226
Ukraine,Apr 12 2018,8.66316
United Kingdom,Apr 12 2018,1.871616
Albania,Apr 13 2018,0.758707
Armenia,Apr 13 2018,3.675966
Australia,Apr 13 2018,5.920613
Austria,Apr 13 2018,1.451441
Azerbaijan,Apr 13 2018,1.179297
Belarus,Apr 13 2018,30.271894
Belgium,Apr 13 2018,2.564761
Bulgaria,Apr 13 2018,0.0
Croatia,Apr 13 2018,1.154555
Cyprus,Apr 13 2018,5.39718
Czech Republic,Apr 13 2018,5.832514
Denmark,Apr 13 2018,2.721451
Estonia,Apr 13 2018,2.304881
F.Y.R. Macedonia,Apr 13 2018,0.98962
Finland,Apr 13 2018,16.710312
France,Apr 13 2018,10.486051
Georgia,Apr 13 2018,0.31338
Germany,Apr 13 2018,4.956331
Greece,Apr 13 2018,1.418455
Hungary,Apr 13 2018,1.929761
Iceland,Apr 13 2018,0.190343
Ireland,Apr 13 2018,1.797806
Israel,Apr 13 2018,30.980443
Italy,Apr 13 2018,33.295482
Latvia,Apr 13 2018,0.503057
Lithuania,Apr 13 2018,2.32976
Malta,Apr 13 2018,0.923646
Moldova,Apr 13 2018,1.204039
Montenegro,Apr 13 2018,0.0
Netherlands,Apr 13 2018,18.354318
Norway,Apr 13 2018,17.983753
Poland,Apr 13 2018,9.808233
Portugal,Apr 13 2018,1.268488
Romania,Apr 13 2018,0.0
Russia,Apr 13 2018,8.633265
San Marino,Apr 13 2018,0.098962
Serbia,Apr 13 2018,0.479171
Slovenia,Apr 13 2018,0.70098
Spain,Apr 13 2018,26.826654
Sweden,Apr 13 2018,6.124338
Switzerland,Apr 13 2018,0.733968
Ukraine,Apr 13 2018,11.077991
United Kingdom,Apr 13 2018,2.078202
Albania,Apr 14 2018,0.728152
Armenia,Apr 14 2018,4.092015
Australia,Apr 14 2018,7.387814
Austria,Apr 14 2018,1.319776
Azerbaijan,Apr 14 2018,2.038828
Belarus,Apr 14 2018,34.124912
Belgium,Apr 14 2018,4.704115
Bulgaria,Apr 14 2018,0.0
Croatia,Apr 14 2018,1.019413
Cyprus,Apr 14 2018,7.915706
Czech Republic,Apr 14 2018,7.072389
Denmark,Apr 14 2018,2.676303
Estonia,Apr 14 2018,1.820384
F.Y.R. Macedonia,Apr 14 2018,0.910191
Finland,Apr 14 2018,14.438139
France,Apr 14 2018,10.368649
Georgia,Apr 14 2018,0.273057
Germany,Apr 14 2018,4.103093
Greece,Apr 14 2018,4.037349
Hungary,Apr 14 2018,1.738468
Iceland,Apr 14 2018,0.237481
Ireland,Apr 14 2018,2.119124
Israel,Apr 14 2018,30.5815
Italy,Apr 14 2018,59.000595
Latvia,Apr 14 2018,0.582523
Lithuania,Apr 14 2018,2.425377
Malta,Apr 14 2018,0.937498
Moldova,Apr 14 2018,1.4199
Montenegro,Apr 14 2018,0.0
Netherlands,Apr 14 2018,16.594559
Norway,Apr 14 2018,16.930869
Poland,Apr 14 2018,9.666215
Portugal,Apr 14 2018,1.485027
Romania,Apr 14 2018,0.0
Russia,Apr 14 2018,12.333277
San Marino,Apr 14 2018,0.127427
Serbia,Apr 14 2018,0.565327
Slovenia,Apr 14 2018,0.846478
Spain,Apr 14 2018,30.407793
Sweden,Apr 14 2018,6.697726
Switzerland,Apr 14 2018,0.910191
Ukraine,Apr 14 2018,11.999378
United Kingdom,Apr 14 2018,4.659198
Albania,Apr 15 2018,1.42772
Armenia,Apr 15 2018,4.181309
Australia,Apr 15 2018,9.717968
Austria,Apr 15 2018,1.587342
Azerbaijan,Apr 15 2018,1.268101
Belarus,Apr 15 2018,30.643805
Belgium,Apr 15 2018,4.433852
Bulgaria,Apr 15 2018,0.0
Croatia,Apr 15 2018,1.489795
Cyprus,Apr 15 2018,8.449069
Czech Republic,Apr 15 2018,7.84163
Denmark,Apr 15 2018,3.340351
Estonia,Apr 15 2018,1.954408
F.Y.R. Macedonia,Apr 15 2018,1.145972
Finland,Apr 15 2018,16.317382
France,Apr 15 2018,10.815619
Georgia,Apr 15 2018,0.310375
Germany,Apr 15 2018,3.97791
Greece,Apr 15 2018,2.247548
Hungary,Apr 15 2018,1.661256
Iceland,Apr 15 2018,0.204676
Ireland,Apr 15 2018,2.101675
Israel,Apr 15 2018,30.309185
Italy,Apr 15 2018,35.609044
Latvia,Apr 15 2018,0.603014
Lithuania,Apr 15 2018,2.287906
Malta,Apr 15 2018,1.002068
Moldova,Apr 15 2018,3.854032
Montenegro,Apr 15 2018,0.0
Netherlands,Apr 15 2018,16.30614
Norway,Apr 15 2018,15.944402
Poland,Apr 15 2018,7.900378
Portugal,Apr 15 2018,1.676037
Romania,Apr 15 2018,0.0
Russia,Apr 15 2018,18.20266
San Marino,Apr 15 2018,0.133018
Serbia,Apr 15 2018,0.728463
Slovenia,Apr 15 2018,1.055273
Spain,Apr 15 2018,29.84112
Sweden,Apr 15 2018,6.60539
Switzerland,Apr 15 2018,0.736031
Ukraine,Apr 15 2018,11.025116
United Kingdom,Apr 15 2018,3.259977
Albania,Apr 16 2018,1.065786
Armenia,Apr 16 2018,3.186728
Australia,Apr 16 2018,5.768431
Austria,Apr 16 2018,1.446981
Azerbaijan,Apr 16 2018,1.260274
Belarus,Apr 16 2018,26.343552
Belgium,Apr 16 2018,2.307673
Bulgaria,Apr 16 2018,0.0
Croatia,Apr 16 2018,1.680364
Cyprus,Apr 16 2018,5.779022
Czech Republic,Apr 16 2018,5.413938
Denmark,Apr 16 2018,2.750099
Estonia,Apr 16 2018,1.13003
F.Y.R. Macedonia,Apr 16 2018,0.910199
Finland,Apr 16 2018,11.989776
France,Apr 16 2018,9.189749
Georgia,Apr 16 2018,0.210046
Germany,Apr 16 2018,3.383069
Greece,Apr 16 2018,1.905972
Hungary,Apr 16 2018,1.815836
Iceland,Apr 16 2018,0.171749
Ireland,Apr 16 2018,2.16269
Israel,Apr 16 2018,27.638124
Italy,Apr 16 2018,24.450804
Latvia,Apr 16 2018,0.762389
Lithuania,Apr 16 2018,1.431425
Malta,Apr 16 2018,0.529005
Moldova,Apr 16 2018,2.205483
Montenegro,Apr 16 2018,0.0
Netherlands,Apr 16 2018,13.514413
Norway,Apr 16 2018,12.263694
Poland,Apr 16 2018,5.345871
Portugal,Apr 16 2018,0.899406
Romania,Apr 16 2018,0.0
Russia,Apr 16 2018,11.849015
San Marino,Apr 16 2018,0.085574
Serbia,Apr 16 2018,0.45981
Slovenia,Apr 16 2018,0.87908
Spain,Apr 16 2018,23.68175
Sweden,Apr 16 2018,5.361672
Switzerland,Apr 16 2018,0.754609
Ukraine,Apr 16 2018,8.767564
United Kingdom,Apr 16 2018,2.240769
Albania,Apr 17 2018,0.723227
Armenia,Apr 17 2018,2.944817
Australia,Apr 17 2018,5.46274
Austria,Apr 17 2018,1.042069
Azerbaijan,Apr 17 2018,1.207505
Belarus,Apr 17 2018,26.375158
Belgium,Apr 17 2018,1.516443
Bulgaria,Apr 17 2018,0.0
Croatia,Apr 17 2018,1.570879
Cyprus,Apr 17 2018,4.496
Czech Republic,Apr 17 2018,4.574204
Denmark,Apr 17 2018,2.619072
Estonia,Apr 17 2018,1.189827
F.Y.R. Macedonia,Apr 17 2018,0.738781
Finland,Apr 17 2018,11.089508
France,Apr 17 2018,9.062101
Georgia,Apr 17 2018,0.202193
Germany,Apr 17 2018,2.96555
Greece,Apr 17 2018,1.262062
Hungary,Apr 17 2018,1.88195
Iceland,Apr 17 2018,0.124863
Ireland,Apr 17 2018,1.695305
Israel,Apr 17 2018,21.843388
Italy,Apr 17 2018,21.448054
Latvia,Apr 17 2018,0.497706
Lithuania,Apr 17 2018,1.220935
Malta,Apr 17 2018,0.902092
Moldova,Apr 17 2018,1.46201
Montenegro,Apr 17 2018,0.0
Netherlands,Apr 17 2018,8.014876
Norway,Apr 17 2018,11.69087
Poland,Apr 17 2018,5.143315
Portugal,Apr 17 2018,1.086713
Romania,Apr 17 2018,0.0
Russia,Apr 17 2018,8.849816
San Marino,Apr 17 2018,0.06999
Serbia,Apr 17 2018,0.405108
Slovenia,Apr 17 2018,0.715451
Spain,Apr 17 2018,22.79539
Sweden,Apr 17 2018,5.419936
Switzerland,Apr 17 2018,0.598801
Ukraine,Apr 17 2018,7.916756
United Kingdom,Apr 17 2018,1.784013
Albania,Apr 18 2018,0.850794
Armenia,Apr 18 2018,3.116411
Australia,Apr 18 2018,5.187599
Austria,Apr 18 2018,1.449502
Azerbaijan,Apr 18 2018,1.838794
Belarus,Apr 18 2018,26.499575
Belgium,Apr 18 2018,1.622811
Bulgaria,Apr 18 2018,0.0
Croatia,Apr 18 2018,0.929571
Cyprus,Apr 18 2018,4.142022
Czech Republic,Apr 18 2018,4.713104
Denmark,Apr 18 2018,2.569267
Estonia,Apr 18 2018,1.181662
F.Y.R. Macedonia,Apr 18 2018,0.827162
Finland,Apr 18 2018,8.996846
France,Apr 18 2018,9.091795
Georgia,Apr 18 2018,0.102411
Germany,Apr 18 2018,5.581809
Greece,Apr 18 2018,1.654325
Hungary,Apr 18 2018,1.764615
Iceland,Apr 18 2018,0.079054
Ireland,Apr 18 2018,1.457379
Israel,Apr 18 2018,28.123532
Italy,Apr 18 2018,22.573703
Latvia,Apr 18 2018,0.835041
Lithuania,Apr 18 2018,1.095007
Malta,Apr 18 2018,0.787775
Moldova,Apr 18 2018,1.349486
Montenegro,Apr 18 2018,0.0
Netherlands,Apr 18 2018,17.851409
Norway,Apr 18 2018,11.598919
Poland,Apr 18 2018,4.6644
Portugal,Apr 18 2018,0.871168
Romania,Apr 18 2018,0.0
Russia,Apr 18 2018,6.831953
San Marino,Apr 18 2018,0.063022
Serbia,Apr 18 2018,0.43405
Slovenia,Apr 18 2018,0.748385
Spain,Apr 18 2018,31.64277
Sweden,Apr 18 2018,4.862094
Switzerland,Apr 18 2018,0.677485
Ukraine,Apr 18 2018,7.53502
United Kingdom,Apr 18 2018,1.67008
Albania,Apr 19 2018,0.814135
Armenia,Apr 19 2018,3.114229
Australia,Apr 19 2018,4.812091
Austria,Apr 19 2018,1.326366
Azerbaijan,Apr 19 2018,1.463801
Belarus,Apr 19 2018,28.699754
Belgium,Apr 19 2018,2.158425
Bulgaria,Apr 19 2018,0.0
Croatia,Apr 19 2018,1.266433
Cyprus,Apr 19 2018,5.076144
Czech Republic,Apr 19 2018,4.258573
Denmark,Apr 19 2018,2.150163
Estonia,Apr 19 2018,1.365119
F.Y.R. Macedonia,Apr 19 2018,0.91282
Finland,Apr 19 2018,8.11876
France,Apr 19 2018,9.126388
Georgia,Apr 19 2018,0.370062
Germany,Apr 19 2018,4.067788
Greece,Apr 19 2018,1.406236
Hungary,Apr 19 2018,1.784524
Iceland,Apr 19 2018,0.115535
Ireland,Apr 19 2018,1.529588
Israel,Apr 19 2018,36.056355
Italy,Apr 19 2018,26.637855
Latvia,Apr 19 2018,0.370062
Lithuania,Apr 19 2018,1.606461
Malta,Apr 19 2018,0.756573
Moldova,Apr 19 2018,1.414461
Montenegro,Apr 19 2018,0.0
Netherlands,Apr 19 2018,16.864763
Norway,Apr 19 2018,12.659436
Poland,Apr 19 2018,5.749911
Portugal,Apr 19 2018,1.116102
Romania,Apr 19 2018,0.0
Russia,Apr 19 2018,5.68318
San Marino,Apr 19 2018,0.123354
Serbia,Apr 19 2018,0.43663
Slovenia,Apr 19 2018,0.624994
Spain,Apr 19 2018,27.815616
Sweden,Apr 19 2018,5.399901
Switzerland,Apr 19 2018,0.929267
Ukraine,Apr 19 2018,8.102259
United Kingdom,Apr 19 2018,1.537814
Albania,Apr 20 2018,0.577357
Armenia,Apr 20 2018,3.573513
Australia,Apr 20 2018,5.369824
Austria,Apr 20 2018,1.580378
Azerbaijan,Apr 20 2018,1.325484
Belarus,Apr 20 2018,31.793273
Belgium,Apr 20 2018,2.761581
Bulgaria,Apr 20 2018,0.0
Croatia,Apr 20 2018,0.837575
Cyprus,Apr 20 2018,5.69994
Czech Republic,Apr 20 2018,4.693052
Denmark,Apr 20 2018,2.34613
Estonia,Apr 20 2018,1.260431
F.Y.R. Macedonia,Apr 20 2018,0.886367
Finland,Apr 20 2018,9.468267
France,Apr 20 2018,14.00469
Georgia,Apr 20 2018,0.219559
Germany,Apr 20 2018,3.6199
Greece,Apr 20 2018,2.000425
Hungary,Apr 20 2018,2.134344
Iceland,Apr 20 2018,0.171368
Ireland,Apr 20 2018,1.577568
Israel,Apr 20 2018,31.248271
Italy,Apr 20 2018,50.794948
Latvia,Apr 20 2018,0.569227
Lithuania,Apr 20 2018,1.667023
Malta,Apr 20 2018,1.105927
Moldova,Apr 20 2018,1.56944
Montenegro,Apr 20 2018,0.0
Netherlands,Apr 20 2018,13.230296
Norway,Apr 20 2018,15.478616
Poland,Apr 20 2018,5.675647
Portugal,Apr 20 2018,1.275321
Romania,Apr 20 2018,0.0
Russia,Apr 20 2018,7.551274
San Marino,Apr 20 2018,0.195164
Serbia,Apr 20 2018,0.594683
Slovenia,Apr 20 2018,0.861971
Spain,Apr 20 2018,26.985146
Sweden,Apr 20 2018,7.476629
Switzerland,Apr 20 2018,0.731862
Ukraine,Apr 20 2018,8.220729
United Kingdom,Apr 20 2018,2.374772
Albania,Apr 21 2018,0.950275
Armenia,Apr 21 2018,4.413579
Australia,Apr 21 2018,8.507149
Austria,Apr 21 2018,1.348486
Azerbaijan,Apr 21 2018,1.076979
Belarus,Apr 21 2018,39.308653
Belgium,Apr 21 2018,2.362111
Bulgaria,Apr 21 2018,0.0
Croatia,Apr 21 2018,0.995526
Cyprus,Apr 21 2018,6.312278
Czech Republic,Apr 21 2018,6.653399
Denmark,Apr 21 2018,1.927701
Estonia,Apr 21 2018,1.42089
F.Y.R. Macedonia,Apr 21 2018,1.031729
Finland,Apr 21 2018,10.97308
France,Apr 21 2018,16.655945
Georgia,Apr 21 2018,0.262457
Germany,Apr 21 2018,4.192813
Greece,Apr 21 2018,2.316864
Hungary,Apr 21 2018,2.203135
Iceland,Apr 21 2018,0.13623
Ireland,Apr 21 2018,1.891499
Israel,Apr 21 2018,31.539389
Italy,Apr 21 2018,74.85448
Latvia,Apr 21 2018,1.39374
Lithuania,Apr 21 2018,2.574867
Malta,Apr 21 2018,0.751172
Moldova,Apr 21 2018,1.294187
Montenegro,Apr 21 2018,0.0
Netherlands,Apr 21 2018,13.088057
Norway,Apr 21 2018,19.899822
Poland,Apr 21 2018,7.497452
Portugal,Apr 21 2018,2.074451
Romania,Apr 21 2018,0.0
Russia,Apr 21 2018,10.627942
San Marino,Apr 21 2018,0.108603
Serbia,Apr 21 2018,0.625584
Slovenia,Apr 21 2018,0.895974
Spain,Apr 21 2018,32.182241
Sweden,Apr 21 2018,10.217703
Switzerland,Apr 21 2018,0.886924
Ukraine,Apr 21 2018,10.181394
United Kingdom,Apr 21 2018,2.293755
Albania,Apr 22 2018,1.202516
Armenia,Apr 22 2018,4.019617
Australia,Apr 22 2018,7.902461
Austria,Apr 22 2018,1.405884
Azerbaijan,Apr 22 2018,1.193676
Belarus,Apr 22 2018,33.490425
Belgium,Apr 22 2018,2.449243
Bulgaria,Apr 22 2018,0.0
Croatia,Apr 22 2018,1.237884
Cyprus,Apr 22 2018,5.907248
Czech Republic,Apr 22 2018,6.888613
Denmark,Apr 22 2018,2.586477
Estonia,Apr 22 2018,1.565044
F.Y.R. Macedonia,Apr 22 2018,0.919573
Finland,Apr 22 2018,10.347344
France,Apr 22 2018,27.631436
Georgia,Apr 22 2018,0.247577
Germany,Apr 22 2018,4.051965
Greece,Apr 22 2018,1.821462
Hungary,Apr 22 2018,1.901043
Iceland,Apr 22 2018,0.141969
Ireland,Apr 22 2018,2.237034
Israel,Apr 22 2018,31.218542
Italy,Apr 22 2018,50.590489
Latvia,Apr 22 2018,1.883358
Lithuania,Apr 22 2018,2.272409
Malta,Apr 22 2018,0.954942
Moldova,Apr 22 2018,1.603274
Montenegro,Apr 22 2018,0.0
Netherlands,Apr 22 2018,10.724625
Norway,Apr 22 2018,18.419585
Poland,Apr 22 2018,6.49726
Portugal,Apr 22 2018,2.876351
Romania,Apr 22 2018,0.0
Russia,Apr 22 2018,10.009579
San Marino,Apr 22 2018,0.167999
Serbia,Apr 22 2018,0.673197
Slovenia,Apr 22 2018,1.007993
Spain,Apr 22 2018,34.55286
Sweden,Apr 22 2018,8.13385
Switzerland,Apr 22 2018,0.981467
Ukraine,Apr 22 2018,8.853027
United Kingdom,Apr 22 2018,2.143587
Albania,Apr 23 2018,0.71563
Armenia,Apr 23 2018,3.186046
Australia,Apr 23 2018,5.838594
Austria,Apr 23 2018,1.204384
Azerbaijan,Apr 23 2018,1.176468
Belarus,Apr 23 2018,24.880775
Belgium,Apr 23 2018,2.569484
Bulgaria,Apr 23 2018,0.0
Croatia,Apr 23 2018,1.161597
Cyprus,Apr 23 2018,4.431372
Czech Republic,Apr 23 2018,4.737958
Denmark,Apr 23 2018,3.314266
Estonia,Apr 23 2018,1.59953
F.Y.R. Macedonia,Apr 23 2018,0.776232
Finland,Apr 23 2018,6.88856
France,Apr 23 2018,18.735801
Georgia,Apr 23 2018,0.308981
Germany,Apr 23 2018,3.514845
Greece,Apr 23 2018,1.806875
Hungary,Apr 23 2018,2.264401
Iceland,Apr 23 2018,0.179216
Ireland,Apr 23 2018,1.611007
Israel,Apr 23 2018,22.185654
Italy,Apr 23 2018,31.370937
Latvia,Apr 23 2018,1.069368
Lithuania,Apr 23 2018,1.564635
Malta,Apr 23 2018,0.613017
Moldova,Apr 23 2018,1.225891
Montenegro,Apr 23 2018,0.0
Netherlands,Apr 23 2018,6.849062
Norway,Apr 23 2018,13.731079
Poland,Apr 23 2018,4.789207
Portugal,Apr 23 2018,1.344114
Romania,Apr 23 2018,0.0
Russia,Apr 23 2018,4.784346
San Marino,Apr 23 2018,0.137661
Serbia,Apr 23 2018,0.331556
Slovenia,Apr 23 2018,0.719268
Spain,Apr 23 2018,39.659106
Sweden,Apr 23 2018,5.587821
Switzerland,Apr 23 2018,0.722861
Ukraine,Apr 23 2018,6.944454
United Kingdom,Apr 23 2018,1.994083
Albania,Apr 24 2018,0.661081
Armenia,Apr 24 2018,3.672967
Australia,Apr 24 2018,4.490949
Austria,Apr 24 2018,5.384444
Azerbaijan,Apr 24 2018,1.208436
Belarus,Apr 24 2018,24.53282
Belgium,Apr 24 2018,3.253765
Bulgaria,Apr 24 2018,0.0
Croatia,Apr 24 2018,0.799698
Cyprus,Apr 24 2018,4.733876
Czech Republic,Apr 24 2018,5.092722
Denmark,Apr 24 2018,3.319057
Estonia,Apr 24 2018,1.980607
F.Y.R. Macedonia,Apr 24 2018,0.942636
Finland,Apr 24 2018,7.264357
France,Apr 24 2018,19.452313
Georgia,Apr 24 2018,0.254621
Germany,Apr 24 2018,4.835772
Greece,Apr 24 2018,1.880958
Hungary,Apr 24 2018,2.164519
Iceland,Apr 24 2018,0.193556
Ireland,Apr 24 2018,1.687535
Israel,Apr 24 2018,29.02681
Italy,Apr 24 2018,2.798315
Latvia,Apr 24 2018,0.924548
Lithuania,Apr 24 2018,2.259737
Malta,Apr 24 2018,0.617392
Moldova,Apr 24 2018,1.060912
Montenegro,Apr 24 2018,0.0
Netherlands,Apr 24 2018,8.203831
Norway,Apr 24 2018,13.900075
Poland,Apr 24 2018,0.684709
Portugal,Apr 24 2018,1.509021
Romania,Apr 24 2018,0.65042
Russia,Apr 24 2018,5.045078
San Marino,Apr 24 2018,0.043012
Serbia,Apr 24 2018,0.361918
Slovenia,Apr 24 2018,0.741406
Spain,Apr 24 2018,42.713082
Sweden,Apr 24 2018,6.515153
Switzerland,Apr 24 2018,0.688449
Ukraine,Apr 24 2018,7.417687
United Kingdom,Apr 24 2018,1.750521
Albania,Apr 25 2018,0.481761
Armenia,Apr 25 2018,3.080212
Australia,Apr 25 2018,7.697624
Austria,Apr 25 2018,3.117972
Azerbaijan,Apr 25 2018,1.247425
Belarus,Apr 25 2018,24.419142
Belgium,Apr 25 2018,2.201555
Bulgaria,Apr 25 2018,0.0
Croatia,Apr 25 2018,1.027289
Cyprus,Apr 25 2018,3.690314
Czech Republic,Apr 25 2018,4.786687
Denmark,Apr 25 2018,2.883117
Estonia,Apr 25 2018,1.449719
F.Y.R. Macedonia,Apr 25 2018,0.830416
Finland,Apr 25 2018,8.537851
France,Apr 25 2018,14.326812
Georgia,Apr 25 2018,0.19033
Germany,Apr 25 2018,4.336066
Greece,Apr 25 2018,1.938527
Hungary,Apr 25 2018,1.845136
Iceland,Apr 25 2018,0.135753
Ireland,Apr 25 2018,1.713185
Israel,Apr 25 2018,24.28021
Italy,Apr 25 2018,2.614267
Latvia,Apr 25 2018,0.46525
Lithuania,Apr 25 2018,2.047675
Malta,Apr 25 2018,0.785083
Moldova,Apr 25 2018,1.029181
Montenegro,Apr 25 2018,0.0
Netherlands,Apr 25 2018,6.376428
Norway,Apr 25 2018,12.625039
Poland,Apr 25 2018,0.739297
Portugal,Apr 25 2018,1.362775
Romania,Apr 25 2018,0.644711
Russia,Apr 25 2018,5.63245
San Marino,Apr 25 2018,0.007145
Serbia,Apr 25 2018,0.282912
Slovenia,Apr 25 2018,1.515589
Spain,Apr 25 2018,27.300076
Sweden,Apr 25 2018,5.44638
Switzerland,Apr 25 2018,0.978211
Ukraine,Apr 25 2018,7.179032
United Kingdom,Apr 25 2018,1.825757
Albania,Apr 26 2018,0.571109
Armenia,Apr 26 2018,3.298486
Australia,Apr 26 2018,9.041341
Austria,Apr 26 2018,3.585774
Azerbaijan,Apr 26 2018,1.155824
Belarus,Apr 26 2018,26.360964
Belgium,Apr 26 2018,4.427706
Bulgaria,Apr 26 2018,0.0
Croatia,Apr 26 2018,1.286809
Cyprus,Apr 26 2018,5.011029
Czech Republic,Apr 26 2018,5.663345
Denmark,Apr 26 2018,2.726476
Estonia,Apr 26 2018,1.611238
F.Y.R. Macedonia,Apr 26 2018,0.524211
Finland,Apr 26 2018,21.623199
France,Apr 26 2018,14.362174
Georgia,Apr 26 2018,0.158247
Germany,Apr 26 2018,4.308628
Greece,Apr 26 2018,1.887712
Hungary,Apr 26 2018,2.136183
Iceland,Apr 26 2018,0.247881
Ireland,Apr 26 2018,2.288761
Israel,Apr 26 2018,21.204498
Italy,Apr 26 2018,2.24829
Latvia,Apr 26 2018,0.943867
Lithuania,Apr 26 2018,3.513996
Malta,Apr 26 2018,0.779445
Moldova,Apr 26 2018,0.935086
Montenegro,Apr 26 2018,0.0
Netherlands,Apr 26 2018,6.206586
Norway,Apr 26 2018,12.515176
Poland,Apr 26 2018,0.594797
Portugal,Apr 26 2018,1.224856
Romania,Apr 26 2018,0.607257
Russia,Apr 26 2018,6.271856
San Marino,Apr 26 2018,0.021871
Serbia,Apr 26 2018,0.997631
Slovenia,Apr 26 2018,1.321311
Spain,Apr 26 2018,26.502105
Sweden,Apr 26 2018,6.831639
Switzerland,Apr 26 2018,0.617569
Ukraine,Apr 26 2018,6.807499
United Kingdom,Apr 26 2018,2.03563
Albania,Apr 27 2018,0.778329
Armenia,Apr 27 2018,3.841828
Australia,Apr 27 2018,8.572602
Austria,Apr 27 2018,3.064711
Azerbaijan,Apr 27 2018,1.263279
Belarus,Apr 27 2018,28.278667
Belgium,Apr 27 2018,4.703602
Bulgaria,Apr 27 2018,0.0
Croatia,Apr 27 2018,1.117408
Cyprus,Apr 27 2018,5.08869
Czech Republic,Apr 27 2018,5.676595
Denmark,Apr 27 2018,2.95443
Estonia,Apr 27 2018,1.502856
F.Y.R. Macedonia,Apr 27 2018,0.987467
Finland,Apr 27 2018,22.307668
France,Apr 27 2018,15.032369
Georgia,Apr 27 2018,0.230029
Germany,Apr 27 2018,11.555419
Greece,Apr 27 2018,1.574485
Hungary,Apr 27 2018,2.107355
Iceland,Apr 27 2018,0.202063
Ireland,Apr 27 2018,2.562788
Israel,Apr 27 2018,26.27225
Italy,Apr 27 2018,2.647704
Latvia,Apr 27 2018,0.705423
Lithuania,Apr 27 2018,2.427012
Malta,Apr 27 2018,0.800101
Moldova,Apr 27 2018,1.70505
Montenegro,Apr 27 2018,0.0
Netherlands,Apr 27 2018,6.364858
Norway,Apr 27 2018,19.304132
Poland,Apr 27 2018,0.72683
Portugal,Apr 27 2018,1.397839
Romania,Apr 27 2018,0.716681
Russia,Apr 27 2018,42.67189
San Marino,Apr 27 2018,0.046629
Serbia,Apr 27 2018,0.930883
Slovenia,Apr 27 2018,0.849688
Spain,Apr 27 2018,46.18108
Sweden,Apr 27 2018,9.67134
Switzerland,Apr 27 2018,0.849689
Ukraine,Apr 27 2018,8.977399
United Kingdom,Apr 27 2018,19.613841
Albania,Apr 28 2018,0.971297
Armenia,Apr 28 2018,3.680092
Australia,Apr 28 2018,8.884093
Austria,Apr 28 2018,3.350323
Azerbaijan,Apr 28 2018,1.598226
Belarus,Apr 28 2018,33.659592
Belgium,Apr 28 2018,9.696206
Bulgaria,Apr 28 2018,0.0
Croatia,Apr 28 2018,2.292752
Cyprus,Apr 28 2018,6.538231
Czech Republic,Apr 28 2018,6.605645
Denmark,Apr 28 2018,2.872915
Estonia,Apr 28 2018,2.764837
F.Y.R. Macedonia,Apr 28 2018,1.543701
Finland,Apr 28 2018,24.017137
France,Apr 28 2018,18.496952
Georgia,Apr 28 2018,0.319344
Germany,Apr 28 2018,6.16487
Greece,Apr 28 2018,2.79939
Hungary,Apr 28 2018,1.520299
Iceland,Apr 28 2018,0.170355
Ireland,Apr 28 2018,2.848603
Israel,Apr 28 2018,28.273627
Italy,Apr 28 2018,5.262306
Latvia,Apr 28 2018,0.798358
Lithuania,Apr 28 2018,3.637897
Malta,Apr 28 2018,1.003393
Moldova,Apr 28 2018,1.756373
Montenegro,Apr 28 2018,0.0
Netherlands,Apr 28 2018,9.38018
Norway,Apr 28 2018,22.123668
Poland,Apr 28 2018,1.135591
Portugal,Apr 28 2018,2.040515
Romania,Apr 28 2018,0.709471
Russia,Apr 28 2018,21.68629
San Marino,Apr 28 2018,0.051106
Serbia,Apr 28 2018,0.784161
Slovenia,Apr 28 2018,0.956432
Spain,Apr 28 2018,38.306227
Sweden,Apr 28 2018,8.912156
Switzerland,Apr 28 2018,1.132617
Ukraine,Apr 28 2018,9.549906
United Kingdom,Apr 28 2018,10.953852
Albania,Apr 29 2018,1.306086
Armenia,Apr 29 2018,4.0204
Australia,Apr 29 2018,7.691145
Austria,Apr 29 2018,17.459967
Azerbaijan,Apr 29 2018,3.033229
Belarus,Apr 29 2018,34.909552
Belgium,Apr 29 2018,14.256972
Bulgaria,Apr 29 2018,0.0
Croatia,Apr 29 2018,2.202566
Cyprus,Apr 29 2018,6.619467
Czech Republic,Apr 29 2018,26.372178
Denmark,Apr 29 2018,3.434512
Estonia,Apr 29 2018,3.298202
F.Y.R. Macedonia,Apr 29 2018,1.250186
Finland,Apr 29 2018,20.029511
France,Apr 29 2018,28.325378
Georgia,Apr 29 2018,0.394799
Germany,Apr 29 2018,5.498136
Greece,Apr 29 2018,3.097751
Hungary,Apr 29 2018,1.570618
Iceland,Apr 29 2018,0.391818
Ireland,Apr 29 2018,2.637585
Israel,Apr 29 2018,31.659356
Italy,Apr 29 2018,4.34083
Latvia,Apr 29 2018,0.912972
Lithuania,Apr 29 2018,3.881671
Malta,Apr 29 2018,0.957288
Moldova,Apr 29 2018,2.204275
Montenegro,Apr 29 2018,0.0
Netherlands,Apr 29 2018,8.34478
Norway,Apr 29 2018,18.6904
Poland,Apr 29 2018,1.003606
Portugal,Apr 29 2018,2.04663
Romania,Apr 29 2018,0.553848
Russia,Apr 29 2018,27.156317
San Marino,Apr 29 2018,0.050018
Serbia,Apr 29 2018,1.229614
Slovenia,Apr 29 2018,0.853971
Spain,Apr 29 2018,38.741578
Sweden,Apr 29 2018,7.294146
Switzerland,Apr 29 2018,1.404125
Ukraine,Apr 29 2018,8.941957
United Kingdom,Apr 29 2018,5.764562
Albania,Apr 30 2018,1.364849
Armenia,Apr 30 2018,3.987333
Australia,Apr 30 2018,6.202152
Austria,Apr 30 2018,4.967126
Azerbaijan,Apr 30 2018,2.056997
Belarus,Apr 30 2018,28.46937
Belgium,Apr 30 2018,10.09303
Bulgaria,Apr 30 2018,0.0
Croatia,Apr 30 2018,5.748507
Cyprus,Apr 30 2018,14.138206
Czech Republic,Apr 30 2018,40.7018
Denmark,Apr 30 2018,3.81536
Estonia,Apr 30 2018,2.555731
F.Y.R. Macedonia,Apr 30 2018,1.792418
Finland,Apr 30 2018,19.816281
France,Apr 30 2018,19.731363
Georgia,Apr 30 2018,0.381071
Germany,Apr 30 2018,5.617418
Greece,Apr 30 2018,5.639613
Hungary,Apr 30 2018,1.389326
Iceland,Apr 30 2018,0.297108
Ireland,Apr 30 2018,3.03791
Israel,Apr 30 2018,34.996245
Italy,Apr 30 2018,3.316749
Latvia,Apr 30 2018,0.80611
Lithuania,Apr 30 2018,3.118583
Malta,Apr 30 2018,0.874981
Moldova,Apr 30 2018,1.626864
Montenegro,Apr 30 2018,0.0
Netherlands,Apr 30 2018,61.624152
Norway,Apr 30 2018,15.541288
Poland,Apr 30 2018,1.027212
Portugal,Apr 30 2018,2.338699
Romania,Apr 30 2018,0.633405
Russia,Apr 30 2018,25.314088
San Marino,Apr 30 2018,0.05942
Serbia,Apr 30 2018,0.764686
Slovenia,Apr 30 2018,1.192517
Spain,Apr 30 2018,46.718836
Sweden,Apr 30 2018,7.278985
Switzerland,Apr 30 2018,2.363672
Ukraine,Apr 30 2018,13.612304
United Kingdom,Apr 30 2018,5.090586
Albania,May 1 2018,1.414591
Armenia,May 1 2018,3.810792
Australia,May 1 2018,9.213276
Austria,May 1 2018,3.795327
Azerbaijan,May 1 2018,3.281982
Belarus,May 1 2018,30.339922
Belgium,May 1 2018,6.110659
Bulgaria,May 1 2018,0.0
Croatia,May 1 2018,5.096206
Cyprus,May 1 2018,19.950377
Czech Republic,May 1 2018,27.028896
Denmark,May 1 2018,4.895413
Estonia,May 1 2018,2.575862
F.Y.R. Macedonia,May 1 2018,1.557056
Finland,May 1 2018,19.119358
France,May 1 2018,21.469135
Georgia,May 1 2018,0.41084
Germany,May 1 2018,5.488857
Greece,May 1 2018,7.869577
Hungary,May 1 2018,1.907176
Iceland,May 1 2018,0.370145
Ireland,May 1 2018,3.568676
Israel,May 1 2018,35.582584
Italy,May 1 2018,5.502636
Latvia,May 1 2018,1.323818
Lithuania,May 1 2018,2.607417
Malta,May 1 2018,0.877863
Moldova,May 1 2018,2.28625
Montenegro,May 1 2018,0.0
Netherlands,May 1 2018,181.560247
Norway,May 1 2018,26.654734
Poland,May 1 2018,1.19687
Portugal,May 1 2018,3.058724
Romania,May 1 2018,1.062857
Russia,May 1 2018,29.065881
San Marino,May 1 2018,0.100246
Serbia,May 1 2018,1.480911
Slovenia,May 1 2018,1.686192
Spain,May 1 2018,62.159726
Sweden,May 1 2018,7.88704
Switzerland,May 1 2018,2.343317
Ukraine,May 1 2018,16.530832
United Kingdom,May 1 2018,9.543553
Albania,May 2 2018,1.242039
Armenia,May 2 2018,3.210172
Australia,May 2 2018,10.205594
Austria,May 2 2018,3.435537
Azerbaijan,May 2 2018,2.373196
Belarus,May 2 2018,27.904101
Belgium,May 2 2018,6.140304
Bulgaria,May 2 2018,0.0
Croatia,May 2 2018,3.20669
Cyprus,May 2 2018,14.722675
Czech Republic,May 2 2018,18.976292
Denmark,May 2 2018,3.936817
Estonia,May 2 2018,2.206355
F.Y.R. Macedonia,May 2 2018,1.241005
Finland,May 2 2018,14.929628
France,May 2 2018,17.051422
Georgia,May 2 2018,0.639719
Germany,May 2 2018,5.766638
Greece,May 2 2018,3.918326
Hungary,May 2 2018,3.033425
Iceland,May 2 2018,0.191572
Ireland,May 2 2018,3.320833
Israel,May 2 2018,32.115007
Italy,May 2 2018,2.985902
Latvia,May 2 2018,1.987909
Lithuania,May 2 2018,2.388372
Malta,May 2 2018,1.568175
Moldova,May 2 2018,1.878666
Montenegro,May 2 2018,0.0
Netherlands,May 2 2018,84.812131
Norway,May 2 2018,20.99056
Poland,May 2 2018,1.429499
Portugal,May 2 2018,2.228361
Romania,May 2 2018,1.380858
Russia,May 2 2018,24.515615
San Marino,May 2 2018,0.066312
Serbia,May 2 2018,1.480643
Slovenia,May 2 2018,2.595225
Spain,May 2 2018,40.039954
Sweden,May 2 2018,10.531278
Switzerland,May 2 2018,2.471642
Ukraine,May 2 2018,17.697406
United Kingdom,May 2 2018,8.445126
Albania,May 3 2018,2.994053
Armenia,May 3 2018,3.502534
Australia,May 3 2018,8.22956
Austria,May 3 2018,3.46301
Azerbaijan,May 3 2018,2.17704
Belarus,May 3 2018,28.751298
Belgium,May 3 2018,5.992616
Bulgaria,May 3 2018,0.0
Croatia,May 3 2018,4.776395
Cyprus,May 3 2018,30.568877
Czech Republic,May 3 2018,17.416187
Denmark,May 3 2018,3.401337
Estonia,May 3 2018,3.752323
F.Y.R. Macedonia,May 3 2018,1.690613
Finland,May 3 2018,14.593392
France,May 3 2018,24.104109
Georgia,May 3 2018,0.469182
Germany,May 3 2018,5.917153
Greece,May 3 2018,5.405775
Hungary,May 3 2018,2.804514
Iceland,May 3 2018,0.36409
Ireland,May 3 2018,3.01441
Israel,May 3 2018,41.188322
Italy,May 3 2018,3.182205
Latvia,May 3 2018,1.429538
Lithuania,May 3 2018,3.827517
Malta,May 3 2018,1.265142
Moldova,May 3 2018,1.603496
Montenegro,May 3 2018,0.0
Netherlands,May 3 2018,41.051942
Norway,May 3 2018,20.504952
Poland,May 3 2018,1.596827
Portugal,May 3 2018,2.37583
Romania,May 3 2018,1.156756
Russia,May 3 2018,24.527434
San Marino,May 3 2018,0.022291
Serbia,May 3 2018,0.934142
Slovenia,May 3 2018,2.727125
Spain,May 3 2018,31.140825
Sweden,May 3 2018,9.93781
Switzerland,May 3 2018,2.302297
Ukraine,May 3 2018,18.410724
United Kingdom,May 3 2018,4.116439
Albania,May 4 2018,3.071155
Armenia,May 4 2018,4.209349
Australia,May 4 2018,8.586914
Austria,May 4 2018,4.20769
Azerbaijan,May 4 2018,2.011471
Belarus,May 4 2018,31.164014
Belgium,May 4 2018,5.347664
Bulgaria,May 4 2018,0.0
Croatia,May 4 2018,7.290658
Cyprus,May 4 2018,49.704612
Czech Republic,May 4 2018,14.391074
Denmark,May 4 2018,4.900776
Estonia,May 4 2018,4.663702
F.Y.R. Macedonia,May 4 2018,1.681155
Finland,May 4 2018,17.564734
France,May 4 2018,24.474587
Georgia,May 4 2018,0.395569
Germany,May 4 2018,7.808257
Greece,May 4 2018,6.399163
Hungary,May 4 2018,2.622374
Iceland,May 4 2018,0.370093
Ireland,May 4 2018,5.159137
Israel,May 4 2018,48.070397
Italy,May 4 2018,4.862979
Latvia,May 4 2018,1.392095
Lithuania,May 4 2018,3.852729
Malta,May 4 2018,1.839437
Moldova,May 4 2018,1.865463
Montenegro,May 4 2018,0.0
Netherlands,May 4 2018,37.381847
Norway,May 4 2018,29.693246
Poland,May 4 2018,1.31944
Portugal,May 4 2018,3.816549
Romania,May 4 2018,1.123871
Russia,May 4 2018,26.199515
San Marino,May 4 2018,0.046261
Serbia,May 4 2018,0.900634
Slovenia,May 4 2018,2.502734
Spain,May 4 2018,40.198077
Sweden,May 4 2018,11.984404
Switzerland,May 4 2018,2.651709
Ukraine,May 4 2018,24.609606
United Kingdom,May 4 2018,8.806083
Albania,May 5 2018,2.554103
Armenia,May 5 2018,4.667818
Australia,May 5 2018,11.862225
Austria,May 5 2018,3.783448
Azerbaijan,May 5 2018,1.962164
Belarus,May 5 2018,35.716666
Belgium,May 5 2018,6.298242
Bulgaria,May 5 2018,0.0
Croatia,May 5 2018,5.980018
Cyprus,May 5 2018,36.382321
Czech Republic,May 5 2018,16.762204
Denmark,May 5 2018,4.727235
Estonia,May 5 2018,5.287286
F.Y.R. Macedonia,May 5 2018,1.476412
Finland,May 5 2018,19.796447
France,May 5 2018,29.943647
Georgia,May 5 2018,0.518462
Germany,May 5 2018,11.461594
Greece,May 5 2018,6.762484
Hungary,May 5 2018,3.376987
Iceland,May 5 2018,0.353202
Ireland,May 5 2018,7.120802
Israel,May 5 2018,52.823139
Italy,May 5 2018,8.611201
Latvia,May 5 2018,2.251366
Lithuania,May 5 2018,3.39407
Malta,May 5 2018,1.978449
Moldova,May 5 2018,3.04785
Montenegro,May 5 2018,0.0
Netherlands,May 5 2018,125.858531
Norway,May 5 2018,29.822823
Poland,May 5 2018,1.602772
Portugal,May 5 2018,4.866162
Romania,May 5 2018,1.597386
Russia,May 5 2018,28.520859
San Marino,May 5 2018,0.034458
Serbia,May 5 2018,1.176831
Slovenia,May 5 2018,3.732963
Spain,May 5 2018,54.31804
Sweden,May 5 2018,14.787264
Switzerland,May 5 2018,2.226837
Ukraine,May 5 2018,25.076455
United Kingdom,May 5 2018,5.662553
Albania,May 6 2018,2.751282
Armenia,May 6 2018,5.802156
Australia,May 6 2018,20.890057
Austria,May 6 2018,5.582193
Azerbaijan,May 6 2018,2.33192
Belarus,May 6 2018,37.501886
Belgium,May 6 2018,7.738203
Bulgaria,May 6 2018,0.0
Croatia,May 6 2018,5.872952
Cyprus,May 6 2018,34.641888
Czech Republic,May 6 2018,20.273562
Denmark,May 6 2018,5.155676
Estonia,May 6 2018,5.800752
F.Y.R. Macedonia,May 6 2018,1.641419
Finland,May 6 2018,34.990354
France,May 6 2018,31.532298
Georgia,May 6 2018,0.795335
Germany,May 6 2018,10.727122
Greece,May 6 2018,9.297387
Hungary,May 6 2018,3.487075
Iceland,May 6 2018,0.505971
Ireland,May 6 2018,6.40201
Israel,May 6 2018,62.340104
Italy,May 6 2018,8.310413
Latvia,May 6 2018,2.631371
Lithuania,May 6 2018,4.586312
Malta,May 6 2018,1.938815
Moldova,May 6 2018,3.466799
Montenegro,May 6 2018,0.0
Netherlands,May 6 2018,81.589588
Norway,May 6 2018,34.541859
Poland,May 6 2018,1.820448
Portugal,May 6 2018,6.057924
Romania,May 6 2018,1.301051
Russia,May 6 2018,64.252384
San Marino,May 6 2018,0.077181
Serbia,May 6 2018,6.230427
Slovenia,May 6 2018,3.677482
Spain,May 6 2018,70.941309
Sweden,May 6 2018,17.48265
Switzerland,May 6 2018,2.677666
Ukraine,May 6 2018,33.273392
United Kingdom,May 6 2018,7.926513
Albania,May 7 2018,2.667476
Armenia,May 7 2018,5.786104
Australia,May 7 2018,19.893873
Austria,May 7 2018,8.164261
Azerbaijan,May 7 2018,3.025532
Belarus,May 7 2018,40.327657
Belgium,May 7 2018,10.266393
Bulgaria,May 7 2018,0.0
Croatia,May 7 2018,6.448876
Cyprus,May 7 2018,32.282075
Czech Republic,May 7 2018,19.820368
Denmark,May 7 2018,5.485461
Estonia,May 7 2018,6.027981
F.Y.R. Macedonia,May 7 2018,2.26321
Finland,May 7 2018,27.401731
France,May 7 2018,35.195128
Georgia,May 7 2018,0.656859
Germany,May 7 2018,15.442181
Greece,May 7 2018,10.723004
Hungary,May 7 2018,3.873547
Iceland,May 7 2018,0.546429
Ireland,May 7 2018,6.26403
Israel,May 7 2018,67.959926
Italy,May 7 2018,4.786682
Latvia,May 7 2018,2.318173
Lithuania,May 7 2018,7.720314
Malta,May 7 2018,1.95977
Moldova,May 7 2018,2.694689
Montenegro,May 7 2018,0.0
Netherlands,May 7 2018,116.98752
Norway,May 7 2018,32.890427
Poland,May 7 2018,2.203443
Portugal,May 7 2018,5.427671
Romania,May 7 2018,1.402898
Russia,May 7 2018,74.847422
San Marino,May 7 2018,0.11293
Serbia,May 7 2018,2.482136
Slovenia,May 7 2018,2.550962
Spain,May 7 2018,49.892889
Sweden,May 7 2018,13.422113
Switzerland,May 7 2018,4.009467
Ukraine,May 7 2018,38.970092
United Kingdom,May 7 2018,6.872083
Albania,May 8 2018,2.362653
Armenia,May 8 2018,6.279803
Australia,May 8 2018,19.698816
Austria,May 8 2018,11.984946
Azerbaijan,May 8 2018,3.002271
Belarus,May 8 2018,46.649419
Belgium,May 8 2018,17.278664
Bulgaria,May 8 2018,0.0
Croatia,May 8 2018,7.2897
Cyprus,May 8 2018,46.391165
Czech Republic,May 8 2018,17.623793
Denmark,May 8 2018,5.048044
Estonia,May 8 2018,7.636095
F.Y.R. Macedonia,May 8 2018,2.379546
Finland,May 8 2018,32.147938
France,May 8 2018,24.657569
Georgia,May 8 2018,0.507674
Germany,May 8 2018,15.455238
Greece,May 8 2018,7.964694
Hungary,May 8 2018,3.307074
Iceland,May 8 2018,0.452267
Ireland,May 8 2018,8.227366
Israel,May 8 2018,93.903545
Italy,May 8 2018,2.763817
Latvia,May 8 2018,1.840864
Lithuania,May 8 2018,9.925256
Malta,May 8 2018,1.565506
Moldova,May 8 2018,1.935092
Montenegro,May 8 2018,0.0
Netherlands,May 8 2018,102.843707
Norway,May 8 2018,24.698563
Poland,May 8 2018,1.824368
Portugal,May 8 2018,2.66714
Romania,May 8 2018,1.555854
Russia,May 8 2018,58.924357
San Marino,May 8 2018,0.091217
Serbia,May 8 2018,1.459456
Slovenia,May 8 2018,2.883062
Spain,May 8 2018,24.978833
Sweden,May 8 2018,9.688439
Switzerland,May 8 2018,8.036297
Ukraine,May 8 2018,28.556569
United Kingdom,May 8 2018,5.105172
